subject,trial,visual_size,visual_brightness,audio_pitch,audio_location,button,RT,LeftAnsMark
000,1,0,0,1,4,1,505,left
000,2,1,2,2,1,1,476,left
000,3,2,1,1,2,1,421,left
000,4,2,1,2,2,1,414,left
000,5,0,0,2,5,2,378,right
000,6,2,1,1,3,1,403,left
000,7,1,2,2,2,1,505,left
000,8,1,2,1,1,2,460,right
000,9,1,1,1,1,1,257,left
000,10,2,1,1,2,1,360,left
000,11,1,1,2,1,1,462,left
000,12,0,0,1,1,1,491,left
000,13,1,2,1,5,2,382,right
000,14,1,1,1,2,1,441,left
000,15,2,2,1,4,1,517,left
000,16,0,0,1,1,1,411,left
000,17,0,0,2,2,2,482,right
000,18,2,2,1,1,1,524,left
000,19,1,2,1,3,1,385,left
000,20,2,2,2,1,1,572,left
000,21,0,0,1,3,2,443,right
000,22,1,1,1,3,1,357,left
000,23,0,0,2,2,1,497,left
000,24,1,2,2,4,2,429,right
000,25,0,0,2,5,2,373,right
000,26,0,0,1,5,1,430,left
000,27,1,1,2,3,1,359,left
000,28,1,1,2,1,1,428,left
000,29,0,0,1,3,1,443,left
000,30,0,0,2,4,2,438,right
000,31,2,2,2,4,2,376,right
000,32,1,2,1,3,1,370,left
000,33,1,2,1,3,1,385,left
000,34,1,2,2,5,2,402,right
000,35,2,2,1,1,1,375,left
000,36,2,1,2,2,1,369,left
000,37,2,1,2,5,2,394,right
000,38,2,2,2,2,1,332,left
000,39,1,2,1,4,2,388,right
000,40,0,0,2,2,1,335,left
000,41,2,1,1,3,1,627,left
000,42,2,1,2,4,2,331,right
000,43,1,1,1,3,1,365,left
000,44,1,2,1,2,1,387,left
000,45,1,1,1,5,2,404,right
000,46,2,2,1,5,1,491,left
000,47,2,2,2,3,1,531,left
000,48,0,0,2,4,1,404,left
000,49,2,1,2,2,1,435,left
000,50,0,0,2,1,1,428,left
000,51,1,2,1,1,1,428,left
000,52,2,1,2,4,2,453,right
000,53,1,2,2,1,1,539,left
000,54,2,1,1,1,1,397,left
000,55,2,2,2,2,1,496,left
000,56,1,1,1,3,1,452,left
000,57,2,1,1,5,2,545,right
000,58,1,2,1,5,1,477,left
000,59,2,2,2,4,2,484,right
000,60,1,2,2,3,1,461,left
000,61,0,0,2,5,2,385,right
000,62,2,1,2,5,2,409,right
000,63,2,1,1,1,1,495,left
000,64,1,1,1,1,1,443,left
000,65,2,1,2,4,2,428,right
000,66,2,1,2,1,1,382,left
000,67,1,2,2,5,2,336,right
000,68,1,2,2,3,1,355,left
000,69,0,0,1,3,1,385,left
000,70,0,0,1,4,1,377,left
000,71,0,0,2,3,2,817,right
000,72,1,2,2,4,1,437,left
000,73,2,2,1,5,2,425,right
000,74,1,2,1,5,2,466,right
000,75,1,2,2,3,1,401,left
000,76,0,0,1,1,1,439,left
000,77,0,0,2,3,1,457,left
000,78,1,2,2,4,1,511,left
000,79,2,2,1,3,1,525,left
000,80,2,1,1,1,1,349,left
000,81,2,1,2,3,2,427,right
000,82,2,1,2,1,1,372,left
000,83,0,0,2,1,1,396,left
000,84,2,1,2,3,1,361,left
000,85,2,2,2,3,1,385,left
000,86,2,1,2,5,2,290,right
000,87,1,2,2,2,1,438,left
000,88,2,2,1,5,2,466,right
000,89,1,1,1,5,1,439,left
000,90,2,2,1,3,1,451,left
000,91,1,1,1,4,2,383,right
000,92,2,2,2,2,1,376,left
000,93,1,2,2,5,2,362,right
000,94,1,1,2,2,1,314,left
000,95,1,1,1,4,2,657,right
000,96,0,0,2,1,1,613,left
000,97,2,2,2,1,1,626,left
000,98,2,1,1,4,2,624,right
000,99,1,1,2,3,1,382,left
000,100,2,2,1,1,1,377,left
000,101,2,1,1,4,2,434,right
000,102,2,2,1,3,1,388,left
000,103,1,2,1,4,1,855,left
000,104,0,0,2,4,2,408,right
000,105,2,1,1,5,2,703,right
000,106,1,2,1,4,1,490,left
000,107,1,1,1,2,1,453,left
000,108,0,0,1,4,2,554,right
000,109,2,1,1,5,2,494,right
000,110,2,2,2,5,2,688,right
000,111,1,1,2,4,2,666,right
000,112,1,1,2,2,1,495,left
000,113,2,1,1,2,1,683,left
000,114,2,1,2,1,1,723,left
000,115,1,1,1,2,1,746,left
000,116,1,1,1,1,1,436,left
000,117,1,1,2,3,2,870,right
000,118,2,2,2,3,1,403,left
000,119,2,2,2,4,2,497,right
000,120,0,0,2,3,2,701,right
000,121,1,2,2,1,1,433,left
000,122,1,1,2,4,2,458,right
000,123,2,2,1,4,1,496,left
000,124,2,2,2,5,2,514,right
000,125,0,0,1,2,1,680,left
000,126,0,0,1,2,1,751,left
000,127,0,0,1,5,2,450,right
000,128,1,1,2,5,2,470,right
000,129,2,1,1,4,2,470,right
000,130,1,1,2,2,1,701,left
000,131,2,1,1,3,1,616,left
000,132,1,1,2,4,2,445,right
000,133,2,2,1,4,1,353,left
000,134,1,1,2,1,1,583,left
000,135,2,2,1,2,1,760,left
000,136,1,2,1,2,1,468,left
000,137,2,2,2,1,1,668,left
000,138,0,0,1,5,2,483,right
000,139,0,0,1,2,1,443,left
000,140,2,2,1,2,1,454,left
000,141,1,2,1,1,1,636,left
000,142,1,1,1,5,2,436,right
000,143,1,1,2,5,2,590,right
000,144,1,1,1,4,1,458,left
000,145,2,2,2,5,2,529,right
000,146,1,1,2,5,2,520,right
000,147,1,2,2,2,1,1159,left
000,148,1,2,1,2,1,898,left
000,149,2,1,2,3,1,804,left
000,150,2,2,1,2,1,630,left
000,151,1,1,2,2,1,565,left
000,152,1,2,2,1,1,538,left
000,153,0,0,2,2,1,461,left
000,154,0,0,2,3,2,507,right
000,155,0,0,2,2,1,360,left
000,156,1,1,1,1,1,519,left
000,157,0,0,2,1,1,468,left
000,158,1,2,2,3,2,500,right
000,159,1,2,2,4,2,632,right
000,160,1,2,2,1,1,385,left
000,161,1,1,1,4,1,524,left
000,162,1,1,2,4,1,652,left
000,163,2,1,1,3,1,416,left
000,164,1,2,1,5,2,487,right
000,165,0,0,1,3,1,465,left
000,166,1,1,2,4,2,616,right
000,167,2,1,2,1,1,413,left
000,168,0,0,1,4,1,619,left
000,169,1,1,2,4,2,528,right
000,170,2,2,1,1,1,443,left
000,171,2,2,2,5,2,445,right
000,172,1,2,1,2,1,409,left
000,173,2,2,1,2,1,434,left
000,174,1,1,1,3,2,452,right
000,175,0,0,2,5,2,448,right
000,176,1,2,2,2,1,379,left
000,177,2,2,1,2,1,526,left
000,178,1,2,1,1,1,441,left
000,179,2,1,1,4,2,468,right
000,180,1,2,2,4,2,538,right
000,181,2,2,2,1,1,459,left
000,182,1,1,1,2,1,481,left
000,183,1,1,2,5,2,449,right
000,184,0,0,1,2,1,494,left
000,185,0,0,1,2,1,681,left
000,186,2,2,2,3,1,544,left
000,187,2,2,2,2,1,658,left
000,188,2,2,1,3,1,632,left
000,189,2,1,1,2,1,593,left
000,190,0,0,1,4,1,538,left
000,191,2,1,2,2,1,509,left
000,192,2,2,2,4,1,564,left
000,193,2,1,1,3,1,730,left
000,194,1,1,1,4,2,523,right
000,195,0,0,2,1,1,681,left
000,196,2,2,1,1,1,536,left
000,197,0,0,1,3,1,508,left
000,198,2,2,1,4,1,552,left
000,199,1,1,2,5,2,580,right
000,200,2,1,2,1,1,531,left
000,201,0,0,1,1,1,773,left
000,202,0,0,2,4,2,700,right
000,203,0,0,1,2,1,721,left
000,204,1,1,1,2,1,959,left
000,205,1,1,1,5,2,520,right
000,206,0,0,2,3,1,648,left
000,207,0,0,1,1,1,572,left
000,208,2,2,2,2,1,677,left
000,209,1,1,1,3,1,515,left
000,210,2,1,1,1,1,491,left
000,211,0,0,1,5,2,421,right
000,212,1,2,1,5,2,436,right
000,213,1,2,1,3,2,415,right
000,214,2,1,1,1,1,431,left
000,215,1,1,1,3,2,625,right
000,216,2,1,1,4,1,423,left
000,217,0,0,2,4,2,431,right
000,218,1,2,1,3,1,562,left
000,219,0,0,1,5,2,367,right
000,220,1,1,1,1,1,518,left
000,221,1,2,2,5,2,620,right
000,222,2,2,2,4,1,473,left
000,223,2,1,2,5,1,579,left
000,224,1,2,1,1,1,469,left
000,225,2,1,1,4,1,555,left
000,226,1,2,2,2,1,483,left
000,227,1,1,2,5,2,406,right
000,228,1,2,1,2,1,420,left
000,229,0,0,2,1,1,516,left
000,230,1,1,1,5,2,444,right
000,231,1,1,2,3,1,474,left
000,232,1,2,2,4,2,492,right
000,233,0,0,1,3,1,505,left
000,234,1,1,2,1,1,503,left
000,235,2,1,1,5,2,379,right
000,236,1,1,1,1,1,427,left
000,237,2,2,1,5,2,460,right
000,238,2,1,1,5,1,395,left
000,239,2,1,2,3,1,448,left
000,240,0,0,2,5,2,372,right
000,241,1,2,1,5,2,565,right
000,242,2,2,2,1,1,492,left
000,243,2,2,2,4,2,455,right
000,244,1,2,1,4,1,420,left
000,245,1,2,1,1,1,579,left
000,246,1,2,1,4,2,485,right
000,247,2,2,1,5,1,472,left
000,248,1,1,2,1,1,448,left
000,249,1,2,1,4,1,580,left
000,250,2,1,2,5,2,453,right
000,251,2,1,2,3,1,450,left
000,252,1,2,2,3,1,398,left
000,253,2,1,1,5,2,410,right
000,254,1,1,2,3,1,432,left
000,255,1,2,2,5,2,378,right
000,256,0,0,1,1,1,477,left
000,257,2,2,2,3,2,485,right
000,258,1,2,2,5,2,447,right
000,259,2,2,1,5,1,403,left
000,260,1,1,2,2,1,530,left
000,261,2,2,2,5,2,362,right
000,262,1,1,2,3,1,508,left
000,263,0,0,1,4,1,465,left
000,264,2,1,2,4,1,505,left
000,265,1,2,2,2,1,478,left
000,266,0,0,2,2,1,455,left
000,267,1,2,2,3,1,445,left
000,268,2,1,2,1,1,401,left
000,269,1,1,1,2,1,542,left
000,270,2,2,1,3,1,833,left
000,271,2,2,1,3,1,520,left
000,272,0,0,2,4,1,818,left
000,273,2,2,2,2,1,607,left
000,274,0,0,2,5,2,434,right
000,275,1,1,1,4,1,606,left
000,276,1,2,1,2,1,419,left
000,277,2,1,1,3,1,500,left
000,278,2,1,2,2,1,593,left
000,279,2,2,2,3,1,588,left
000,280,2,2,1,1,1,1045,left
000,281,2,1,1,1,1,380,left
000,282,2,1,1,2,1,552,left
000,283,1,1,2,1,1,532,left
000,284,1,1,2,2,1,471,left
000,285,2,2,2,1,1,495,left
000,286,2,2,2,5,2,491,right
000,287,2,1,2,5,1,422,left
000,288,2,1,2,3,2,416,right
000,289,2,1,2,2,1,351,left
000,290,1,1,1,5,2,613,right
000,291,2,2,1,4,1,364,left
000,292,2,2,1,4,1,442,left
000,293,0,0,2,3,1,557,left
000,294,1,2,2,1,1,612,left
000,295,2,1,2,4,2,489,right
000,296,2,2,1,2,1,387,left
000,297,1,2,1,3,1,391,left
000,298,0,0,1,5,2,452,right
000,299,2,1,1,2,1,393,left
000,300,2,1,2,4,2,444,right
000,301,0,0,2,3,2,543,right
000,302,1,1,1,2,1,522,left
000,303,0,0,2,3,1,609,left
000,304,2,1,1,5,2,471,right
000,305,2,2,2,1,1,609,left
000,306,2,2,1,4,1,557,left
000,307,1,2,2,1,1,556,left
000,308,2,1,2,1,1,482,left
000,309,0,0,1,5,2,412,right
000,310,1,2,1,3,1,652,left
000,311,0,0,2,5,2,608,right
000,312,1,2,1,3,1,518,left
000,313,1,2,1,4,1,582,left
000,314,0,0,1,3,1,512,left
000,315,1,1,1,4,2,573,right
000,316,2,2,2,4,2,501,right
000,317,1,2,1,1,1,984,left
000,318,1,1,1,4,1,559,left
000,319,0,0,1,4,1,443,left
000,320,1,1,1,3,1,582,left
000,321,1,1,2,3,1,553,left
000,322,1,2,1,1,1,664,left
000,323,1,1,2,4,2,459,right
000,324,1,2,1,5,1,522,left
000,325,2,2,2,5,2,491,right
000,326,2,1,1,1,1,648,left
000,327,1,1,1,5,1,546,left
000,328,2,2,1,3,2,590,right
000,329,0,0,2,4,1,505,left
000,330,1,2,1,5,2,543,right
000,331,2,2,1,2,1,515,left
000,332,2,1,1,4,1,571,left
000,333,1,2,1,4,1,542,left
000,334,1,1,2,3,1,650,left
000,335,1,2,2,2,1,495,left
000,336,1,1,1,2,2,493,right
000,337,2,2,2,4,1,467,left
000,338,1,1,2,2,1,452,left
000,339,2,1,2,4,2,698,right
000,340,2,2,1,3,1,616,left
000,341,2,2,2,5,2,559,right
000,342,1,1,1,1,1,454,left
000,343,2,2,1,2,1,503,left
000,344,2,1,2,4,2,551,right
000,345,2,2,2,2,1,495,left
000,346,1,2,2,2,1,566,left
000,347,1,2,2,5,1,573,left
000,348,0,0,2,2,1,527,left
000,349,0,0,2,2,1,474,left
000,350,1,2,2,1,1,374,left
000,351,1,2,1,2,1,546,left
000,352,1,1,2,1,1,518,left
000,353,0,0,1,5,2,430,right
000,354,2,2,1,1,1,458,left
000,355,2,2,2,2,1,512,left
000,356,2,1,2,2,1,391,left
000,357,1,2,2,5,2,435,right
000,358,1,2,2,4,1,447,left
000,359,2,1,1,2,2,595,right
000,360,2,2,2,4,1,440,left
000,361,0,0,2,4,1,365,left
000,362,1,1,2,2,1,382,left
000,363,2,1,1,2,1,448,left
000,364,2,2,1,5,2,390,right
000,365,2,1,1,1,1,331,left
000,366,2,1,1,2,2,560,right
000,367,1,1,1,1,1,319,left
000,368,2,1,2,5,2,432,right
000,369,0,0,1,4,1,571,left
000,370,1,1,2,5,2,449,right
000,371,2,2,1,3,1,437,left
000,372,1,1,2,5,2,439,right
000,373,1,1,2,3,1,403,left
000,374,1,2,1,2,1,481,left
000,375,0,0,2,3,1,682,left
000,376,2,1,2,3,1,434,left
000,377,0,0,2,4,2,501,right
000,378,1,2,2,3,2,529,right
000,379,2,1,1,3,1,522,left
000,380,1,1,1,2,1,370,left
000,381,0,0,2,5,2,402,right
000,382,2,1,2,3,1,360,left
000,383,2,1,1,1,1,400,left
000,384,2,2,2,5,2,383,right
000,385,0,0,1,4,1,547,left
000,386,2,1,2,1,1,455,left
000,387,0,0,2,1,1,438,left
000,388,0,0,2,2,2,457,right
000,389,1,2,1,4,2,424,right
000,390,0,0,1,5,2,387,right
000,391,0,0,1,2,1,384,left
000,392,1,1,2,4,2,509,right
000,393,1,1,1,3,1,453,left
000,394,1,1,2,4,2,883,right
000,395,2,1,1,4,1,676,left
000,396,2,1,1,3,1,428,left
000,397,1,1,2,2,1,440,left
000,398,1,1,2,5,2,405,right
000,399,2,1,2,2,1,349,left
000,400,0,0,1,3,2,739,right
000,401,2,1,2,4,1,548,left
000,402,2,2,2,2,1,431,left
000,403,2,2,1,4,1,497,left
000,404,1,1,1,5,2,391,right
000,405,2,1,2,5,2,403,right
000,406,2,2,1,4,1,425,left
000,407,0,0,2,5,2,428,right
000,408,1,2,2,3,1,501,left
000,409,0,0,1,1,1,501,left
000,410,1,2,2,1,1,632,left
000,411,1,1,1,3,1,553,left
000,412,2,2,1,1,1,520,left
000,413,1,1,2,1,1,569,left
000,414,1,2,2,3,1,482,left
000,415,1,2,2,2,1,450,left
000,416,2,1,2,5,2,465,right
000,417,0,0,1,2,1,488,left
000,418,2,2,2,3,1,483,left
000,419,0,0,1,1,1,740,left
000,420,0,0,1,1,1,527,left
000,421,1,2,2,4,2,513,right
000,422,1,2,1,2,1,463,left
000,423,1,1,1,5,2,421,right
000,424,2,2,2,1,1,559,left
000,425,2,1,1,5,2,700,right
000,426,0,0,1,2,1,695,left
000,427,1,1,1,1,2,1787,right
000,428,0,0,2,1,2,781,right
000,429,2,1,1,5,2,456,right
000,430,2,1,1,3,1,496,left
000,431,2,1,2,3,1,767,left
000,432,2,2,2,1,1,439,left
000,433,0,0,1,3,2,487,right
000,434,1,2,1,1,1,406,left
000,435,2,2,1,1,1,438,left
000,436,1,2,1,5,2,394,right
000,437,1,2,1,3,1,429,left
000,438,2,1,2,2,1,489,left
000,439,1,2,2,5,2,362,right
000,440,2,2,1,5,2,571,right
000,441,2,1,1,4,2,468,right
000,442,1,2,2,4,2,436,right
000,443,1,1,2,1,1,408,left
000,444,2,2,1,5,2,431,right
000,445,2,2,1,2,2,376,right
000,446,2,1,2,1,1,408,left
000,447,0,0,2,1,1,432,left
000,448,1,1,1,4,2,452,right
000,449,2,2,2,3,1,416,left
000,450,2,2,2,3,1,402,left
000,451,1,2,1,2,1,790,left
000,452,2,1,1,2,1,504,left
000,453,1,1,2,5,2,471,right
000,454,1,2,2,1,1,510,left
000,455,2,1,1,3,1,341,left
000,456,2,1,1,5,2,475,right
000,457,2,1,2,4,1,458,left
000,458,2,1,2,1,1,682,left
000,459,1,2,1,1,1,500,left
000,460,0,0,1,3,2,391,right
000,461,0,0,2,1,1,516,left
000,462,1,2,1,3,1,595,left
000,463,1,2,2,2,2,480,right
000,464,2,1,1,2,1,512,left
000,465,2,1,2,5,2,457,right
000,466,2,2,1,1,1,423,left
000,467,1,1,2,1,1,666,left
000,468,2,1,1,3,1,497,left
000,469,0,0,1,5,2,511,right
000,470,1,1,2,5,2,463,right
000,471,2,1,1,3,1,495,left
000,472,0,0,2,2,1,578,left
000,473,0,0,1,5,2,372,right
000,474,1,1,1,3,1,439,left
000,475,1,2,1,1,1,420,left
000,476,2,1,1,4,2,413,right
000,477,2,2,1,1,1,381,left
000,478,1,1,1,1,1,409,left
000,479,1,2,1,5,2,370,right
000,480,2,2,2,1,1,604,left
000,481,1,2,1,2,1,480,left
000,482,2,1,1,2,1,499,left
000,483,2,1,1,1,1,601,left
000,484,0,0,1,1,1,527,left
000,485,0,0,1,2,1,560,left
000,486,1,1,2,1,1,493,left
000,487,2,1,1,5,2,368,right
000,488,2,1,2,3,1,498,left
000,489,2,1,2,2,1,446,left
000,490,0,0,2,1,1,476,left
000,491,2,2,2,5,2,367,right
000,492,1,1,1,5,2,489,right
000,493,2,2,2,3,1,605,left
000,494,0,0,2,5,2,387,right
000,495,1,2,1,3,2,575,right
000,496,1,2,2,2,1,672,left
000,497,1,1,1,5,2,399,right
000,498,0,0,1,1,1,380,left
000,499,0,0,1,2,1,512,left
000,500,1,2,2,1,1,592,left
000,501,2,1,2,1,1,598,left
000,502,2,1,2,3,2,541,right
000,503,1,1,2,3,1,532,left
000,504,1,2,1,4,2,533,right
000,505,1,2,2,3,1,560,left
000,506,2,1,2,4,2,511,right
000,507,0,0,1,4,2,989,right
000,508,1,1,1,1,1,558,left
000,509,2,2,1,1,1,3179,left
000,510,0,0,2,2,2,585,right
000,511,1,2,2,5,2,450,right
000,512,1,1,2,2,1,407,left
000,513,2,2,2,3,2,464,right
000,514,2,1,2,2,1,273,left
000,515,1,2,2,4,2,332,right
000,516,1,1,1,1,1,463,left
000,517,1,2,2,2,1,559,left
000,518,1,1,2,3,2,341,right
000,519,1,1,2,4,2,668,right
000,520,1,2,2,4,2,451,right
000,521,2,2,2,1,1,496,left
000,522,0,0,2,4,2,351,right
000,523,2,2,2,4,1,447,left
000,524,2,2,2,1,1,324,left
000,525,0,0,1,4,2,528,right
000,526,2,2,1,5,2,403,right
000,527,2,2,2,2,1,417,left
000,528,1,1,2,4,2,425,right
000,529,0,0,1,3,1,370,left
000,530,0,0,1,2,1,348,left
000,531,1,2,2,5,2,339,right
000,532,2,2,1,5,2,417,right
000,533,2,2,1,4,2,394,right
000,534,1,1,2,3,1,351,left
000,535,0,0,2,1,1,389,left
000,536,0,0,2,3,1,442,left
000,537,1,2,1,1,1,352,left
000,538,0,0,2,2,1,352,left
000,539,2,2,2,5,2,360,right
000,540,1,2,2,5,2,281,right
000,541,1,1,1,2,1,333,left
000,542,2,2,1,3,1,464,left
000,543,2,2,1,4,1,297,left
000,544,2,2,1,5,1,414,left
000,545,1,1,2,2,1,294,left
000,546,1,2,1,5,2,380,right
000,547,2,2,1,2,1,296,left
000,548,1,1,2,2,1,303,left
000,549,1,2,2,4,2,326,right
000,550,1,1,1,4,1,393,left
000,551,2,2,2,3,1,414,left
000,552,2,1,2,4,1,415,left
000,553,2,2,2,5,1,296,left
000,554,0,0,2,4,2,358,right
000,555,2,1,2,2,1,375,left
000,556,0,0,2,3,2,458,right
000,557,1,2,1,5,1,385,left
000,558,2,1,2,5,1,663,left
000,559,1,1,1,4,1,549,left
000,560,2,2,2,4,2,537,right
000,561,1,1,2,5,1,548,left
000,562,2,2,1,2,1,640,left
000,563,2,1,2,3,1,451,left
000,564,0,0,2,4,2,513,right
000,565,1,1,1,2,1,441,left
000,566,0,0,2,5,2,430,right
000,567,2,1,1,1,1,490,left
000,568,0,0,2,5,2,455,right
000,569,2,1,1,5,2,511,right
000,570,1,2,2,1,1,326,left
000,571,2,2,2,4,2,394,right
000,572,0,0,1,4,1,464,left
000,573,0,0,2,3,1,609,left
000,574,1,2,2,3,2,304,right
000,575,1,1,2,1,1,321,left
000,576,1,1,1,3,1,547,left
000,577,1,2,1,2,1,401,left
000,578,2,1,2,1,1,392,left
000,579,2,1,1,4,1,430,left
000,580,2,1,1,1,1,324,left
000,581,1,2,1,4,1,385,left
000,582,1,1,1,5,1,389,left
000,583,0,0,1,3,1,379,left
000,584,2,1,1,4,1,405,left
000,585,1,1,1,3,1,510,left
000,586,1,1,1,4,1,341,left
000,587,1,1,2,4,2,428,right
000,588,0,0,1,1,1,575,left
000,589,1,2,1,4,2,435,right
000,590,2,2,1,3,1,334,left
000,591,1,2,1,3,2,395,right
000,592,2,1,2,5,2,361,right
000,593,2,2,2,2,1,386,left
000,594,2,2,1,4,1,358,left
000,595,2,2,1,3,1,416,left
000,596,1,1,1,2,1,345,left
000,597,0,0,1,5,2,416,right
000,598,2,2,1,2,1,417,left
000,599,2,2,2,2,1,435,left
000,600,1,2,2,3,1,366,left
000,601,1,1,2,4,2,450,right
000,602,2,1,2,3,1,391,left
000,603,0,0,1,4,2,484,right
000,604,1,2,1,2,1,327,left
000,605,2,1,1,1,1,401,left
000,606,2,1,1,3,1,393,left
000,607,1,2,2,4,2,406,right
000,608,1,1,2,5,2,397,right
000,609,1,2,1,3,1,427,left
000,610,0,0,2,5,2,445,right
000,611,2,2,2,3,1,426,left
000,612,1,2,1,5,2,445,right
000,613,1,1,1,3,1,393,left
000,614,1,2,1,1,1,407,left
000,615,2,2,2,1,1,391,left
000,616,1,2,1,4,2,405,right
000,617,2,1,1,5,1,374,left
000,618,2,2,1,2,1,367,left
000,619,0,0,1,3,1,568,left
000,620,1,2,2,2,2,591,right
000,621,2,2,2,2,1,395,left
000,622,2,2,2,3,1,768,left
000,623,0,0,2,2,1,478,left
000,624,1,2,2,3,1,416,left
000,625,1,2,1,3,1,464,left
000,626,1,2,1,4,1,433,left
000,627,1,1,2,1,1,486,left
000,628,1,1,1,1,1,441,left
000,629,1,1,1,4,1,399,left
000,630,0,0,1,1,1,430,left
000,631,1,2,1,1,1,624,left
000,632,1,1,1,4,1,672,left
000,633,1,1,1,5,1,479,left
000,634,1,1,2,3,2,537,right
000,635,0,0,2,3,1,486,left
000,636,2,1,1,1,1,474,left
000,637,1,2,2,4,1,773,left
000,638,2,2,1,3,1,622,left
000,639,2,2,1,5,2,416,right
000,640,0,0,1,5,2,544,right
000,641,2,1,2,4,2,542,right
000,642,2,1,1,2,1,450,left
000,643,2,2,2,4,2,433,right
000,644,1,1,1,4,1,740,left
000,645,2,1,2,5,2,384,right
000,646,1,2,2,2,1,670,left
000,647,1,2,1,1,1,654,left
000,648,0,0,2,1,1,549,left
000,649,1,1,2,3,2,460,right
000,650,2,2,2,1,1,459,left
000,651,2,2,1,1,1,569,left
000,652,1,1,1,2,1,417,left
000,653,2,1,2,4,2,554,right
000,654,1,1,2,5,1,570,left
000,655,2,2,1,1,1,505,left
000,656,1,2,2,1,2,366,right
000,657,0,0,1,2,1,465,left
000,658,0,0,2,1,1,418,left
000,659,2,1,2,1,1,378,left
000,660,1,2,2,5,2,382,right
000,661,0,0,2,1,1,482,left
000,662,2,1,2,4,2,559,right
000,663,1,1,2,5,2,398,right
000,664,2,1,2,2,2,460,right
000,665,1,2,2,3,2,502,right
000,666,2,2,1,3,1,524,left
000,667,1,2,1,2,1,583,left
000,668,0,0,1,3,2,700,right
000,669,1,2,2,1,1,457,left
000,670,2,2,1,3,2,639,right
000,671,1,2,2,4,2,532,right
000,672,2,2,2,2,1,309,left
000,673,2,2,2,4,2,430,right
000,674,2,2,1,1,1,418,left
000,675,1,1,2,4,2,455,right
000,676,2,1,1,4,1,645,left
000,677,2,1,1,2,1,480,left
000,678,0,0,1,1,1,372,left
000,679,1,2,2,1,1,517,left
000,680,0,0,1,2,1,533,left
000,681,0,0,2,5,2,425,right
000,682,2,1,1,5,2,406,right
000,683,2,2,2,1,1,429,left
000,684,2,2,1,2,1,415,left
000,685,2,2,2,5,2,351,right
000,686,2,1,2,1,1,430,left
000,687,2,2,2,3,2,352,right
000,688,1,1,2,3,2,302,right
000,689,1,2,1,4,1,591,left
000,690,1,1,1,3,1,666,left
000,691,2,2,1,4,1,542,left
000,692,1,1,1,2,1,691,left
000,693,0,0,2,4,2,451,right
000,694,2,1,2,3,1,538,left
000,695,0,0,1,3,1,432,left
000,696,0,0,2,2,1,628,left
000,697,1,2,1,5,2,382,right
000,698,1,1,2,2,2,527,right
000,699,1,2,2,3,2,442,right
000,700,2,2,1,5,2,422,right
000,701,2,2,2,5,2,383,right
000,702,1,1,1,1,1,470,left
000,703,1,2,1,5,2,409,right
000,704,2,2,2,4,2,651,right
000,705,1,2,2,2,1,415,left
000,706,1,1,2,2,1,505,left
000,707,2,1,1,3,1,601,left
000,708,0,0,2,2,1,648,left
000,709,0,0,1,4,1,660,left
000,710,1,1,1,2,1,529,left
000,711,2,1,1,1,1,410,left
000,712,2,1,2,5,2,389,right
000,713,2,2,1,2,2,402,right
000,714,1,2,1,3,2,515,right
000,715,2,2,1,4,2,702,right
000,716,1,1,2,4,1,532,left
000,717,1,1,1,1,1,660,left
000,718,2,1,1,2,1,655,left
000,719,1,2,2,5,2,464,right
000,720,2,2,1,5,1,500,left
000,721,2,1,2,2,1,420,left
000,722,2,1,1,4,1,488,left
000,723,0,0,1,2,1,470,left
000,724,1,1,1,5,2,538,right
000,725,0,0,2,5,2,512,right
000,726,2,1,2,1,1,515,left
000,727,2,2,2,5,2,368,right
000,728,0,0,2,3,1,387,left
000,729,2,2,1,4,1,669,left
000,730,2,1,1,5,2,448,right
000,731,2,1,2,5,2,448,right
000,732,0,0,2,3,1,544,left
000,733,2,1,1,4,1,448,left
000,734,1,1,2,1,1,447,left
000,735,2,1,1,3,1,456,left
000,736,1,1,2,2,1,634,left
000,737,2,2,2,2,1,431,left
000,738,1,1,2,1,1,621,left
000,739,2,1,2,2,1,576,left
000,740,0,0,1,5,2,413,right
000,741,0,0,2,4,2,545,right
000,742,2,1,2,3,2,370,right
000,743,0,0,2,4,2,399,right
000,744,0,0,1,1,1,416,left
000,745,1,1,1,5,2,389,right
000,746,1,1,1,3,1,316,left
000,747,0,0,1,5,2,360,right
000,748,1,2,1,2,1,355,left
000,749,1,2,2,5,2,405,right
000,750,0,0,1,4,1,311,left
000,751,2,1,2,2,1,434,left
000,752,0,0,1,1,1,427,left
000,753,1,2,2,2,1,456,left
000,754,2,2,2,4,2,391,right
000,755,1,1,1,2,1,324,left
000,756,1,2,1,4,1,402,left
000,757,0,0,2,5,2,316,right
000,758,2,2,1,5,1,475,left
000,759,1,1,2,4,1,422,left
000,760,1,1,2,5,2,347,right
000,761,2,2,1,4,1,419,left
000,762,1,1,1,1,1,344,left
000,763,1,2,1,2,1,369,left
000,764,2,1,1,3,1,422,left
000,765,1,1,1,1,1,321,left
000,766,2,1,2,2,1,421,left
000,767,2,2,2,3,1,432,left
000,768,0,0,2,2,1,527,left
000,769,2,2,2,5,2,461,right
000,770,2,1,1,4,1,320,left
000,771,2,2,1,2,2,428,right
000,772,1,2,2,5,2,482,right
000,773,2,1,1,3,1,504,left
000,774,1,2,2,3,2,482,right
000,775,2,1,2,1,1,304,left
000,776,2,2,2,2,2,387,right
000,777,1,1,1,2,1,371,left
000,778,2,1,2,1,1,335,left
000,779,2,1,2,5,2,415,right
000,780,0,0,1,2,1,403,left
000,781,1,1,2,5,2,366,right
000,782,1,1,1,1,1,440,left
000,783,0,0,2,1,1,502,left
000,784,1,1,1,5,2,415,right
000,785,2,1,2,4,1,394,left
000,786,1,2,1,4,1,419,left
000,787,1,2,1,5,1,438,left
000,788,1,1,1,4,1,377,left
000,789,1,1,2,2,1,478,left
000,790,1,1,2,5,2,322,right
000,791,0,0,2,3,1,432,left
000,792,1,1,1,5,1,404,left
000,793,1,2,1,1,1,469,left
000,794,2,2,2,1,1,399,left
000,795,1,1,2,3,1,390,left
000,796,1,2,2,1,1,394,left
000,797,0,0,1,1,1,744,left
000,798,2,2,2,5,2,434,right
000,799,2,1,2,1,1,461,left
000,800,2,1,2,5,2,340,right
000,801,1,2,2,3,1,337,left
000,802,0,0,1,4,1,439,left
000,803,1,1,2,2,1,307,left
000,804,2,2,2,2,1,539,left
000,805,2,2,1,5,2,496,right
000,806,1,2,2,2,1,430,left
000,807,1,2,1,3,1,490,left
000,808,1,1,2,1,1,423,left
000,809,2,2,1,3,1,618,left
000,810,1,2,1,3,1,555,left
000,811,1,1,2,2,1,498,left
000,812,1,2,2,4,2,455,right
000,813,0,0,1,4,1,445,left
000,814,2,1,1,5,2,413,right
000,815,2,1,2,4,2,566,right
000,816,1,2,1,5,1,463,left
000,817,2,2,1,2,1,463,left
000,818,2,1,1,1,1,351,left
000,819,0,0,2,3,2,382,right
000,820,2,1,1,2,1,346,left
000,821,0,0,1,3,1,353,left
000,822,1,2,2,4,2,465,right
000,823,2,1,1,5,2,354,right
000,824,1,1,1,2,1,312,left
000,825,1,2,1,1,1,298,left
000,826,2,1,2,3,2,496,right
000,827,2,1,2,2,1,334,left
000,828,1,2,2,5,2,396,right
000,829,1,1,1,5,1,427,left
000,830,0,0,2,1,1,375,left
000,831,1,2,2,5,2,387,right
000,832,2,1,2,3,1,376,left
000,833,2,2,1,1,1,324,left
000,834,2,1,1,2,1,367,left
000,835,2,2,2,1,1,424,left
000,836,1,1,2,4,2,602,right
000,837,2,1,1,4,1,472,left
000,838,1,2,1,1,2,448,right
000,839,2,1,2,5,1,552,left
000,840,1,2,1,2,1,189,left
000,841,1,1,2,3,1,326,left
000,842,2,2,2,3,1,473,left
000,843,1,2,1,4,1,574,left
000,844,1,2,2,1,1,519,left
000,845,2,2,1,4,1,391,left
000,846,0,0,2,4,2,717,right
000,847,1,1,2,3,1,398,left
000,848,2,2,2,4,1,405,left
000,849,0,0,1,4,1,445,left
000,850,1,2,1,5,2,361,right
000,851,2,1,1,2,1,401,left
000,852,2,1,2,3,1,430,left
000,853,0,0,1,5,2,362,right
000,854,1,1,2,1,1,305,left
000,855,2,2,1,5,2,498,right
000,856,0,0,2,2,1,424,left
000,857,0,0,1,3,2,434,right
000,858,1,2,2,2,1,352,left
000,859,0,0,1,3,2,327,right
000,860,2,2,1,1,1,324,left
000,861,1,1,2,1,1,335,left
000,862,0,0,2,2,1,421,left
000,863,2,1,1,4,2,319,right
000,864,2,1,1,5,2,427,right
000,865,0,0,1,1,2,384,right
000,866,0,0,2,5,2,374,right
000,867,0,0,2,4,2,353,right
000,868,2,1,1,3,1,425,left
000,869,2,2,2,3,1,469,left
000,870,2,2,1,4,1,551,left
000,871,0,0,1,2,1,551,left
000,872,2,1,1,1,1,621,left
000,873,2,2,1,3,1,744,left
000,874,2,2,1,1,1,369,left
000,875,2,2,2,1,1,380,left
000,876,0,0,1,2,1,432,left
000,877,0,0,2,4,2,398,right
000,878,0,0,2,3,2,348,right
000,879,1,1,1,3,1,444,left
000,880,2,2,2,2,1,347,left
000,881,1,1,1,4,2,360,right
000,882,0,0,2,5,2,385,right
000,883,1,2,2,4,1,310,left
000,884,0,0,1,5,2,449,right
000,885,2,1,1,1,1,367,left
000,886,0,0,2,1,1,385,left
000,887,2,2,2,5,2,302,right
000,888,1,1,2,4,2,325,right
000,889,2,2,2,4,2,392,right
000,890,1,2,1,2,1,426,left
000,891,2,1,2,4,2,319,right
000,892,1,2,1,3,1,381,left
000,893,1,1,1,4,1,411,left
000,894,1,1,1,3,1,413,left
000,895,1,1,1,3,2,456,right
000,896,0,0,1,5,2,334,right
000,897,1,2,2,3,2,560,right
000,898,2,2,1,2,1,368,left
000,899,1,2,2,1,1,362,left
000,900,2,2,1,3,2,354,right
000,901,2,2,2,5,2,435,right
000,902,0,0,2,4,2,398,right
000,903,1,2,1,3,1,315,left
000,904,1,1,1,3,1,314,left
000,905,1,2,2,4,1,476,left
000,906,2,1,2,5,2,351,right
000,907,1,2,2,2,1,335,left
000,908,1,1,2,3,1,516,left
000,909,0,0,1,5,2,331,right
000,910,2,2,1,1,1,381,left
000,911,2,1,2,4,2,369,right
000,912,1,1,2,2,1,314,left
000,913,1,2,2,4,2,385,right
000,914,1,2,2,1,1,356,left
000,915,1,1,2,4,2,369,right
000,916,1,2,1,2,1,370,left
000,917,2,1,2,2,1,434,left
000,918,2,1,1,1,1,372,left
000,919,0,0,1,3,2,392,right
000,920,2,2,2,4,2,429,right
000,921,1,2,1,4,1,398,left
000,922,2,1,2,1,1,409,left
000,923,0,0,2,4,2,439,right
000,924,2,1,2,3,1,436,left
000,925,1,1,2,1,2,584,right
000,926,2,2,1,4,1,499,left
000,927,2,1,2,3,2,401,right
000,928,2,2,2,1,1,504,left
000,929,0,0,2,2,1,565,left
000,930,2,1,2,2,2,429,right
000,931,0,0,2,5,2,399,right
000,932,1,1,1,2,1,445,left
000,933,2,2,1,4,1,465,left
000,934,0,0,2,3,2,481,right
000,935,1,1,1,4,2,483,right
000,936,2,2,2,5,2,478,right
000,937,0,0,2,4,2,496,right
000,938,2,1,2,5,2,349,right
000,939,1,1,2,2,1,329,left
000,940,1,1,1,4,2,523,right
000,941,0,0,1,2,1,435,left
000,942,1,1,2,5,2,334,right
000,943,0,0,1,1,1,403,left
000,944,0,0,1,3,1,432,left
000,945,2,1,1,2,1,539,left
000,946,1,2,1,2,1,408,left
000,947,2,1,2,5,2,358,right
000,948,2,2,2,5,2,380,right
000,949,2,1,1,3,2,375,right
000,950,1,1,1,2,2,336,right
000,951,0,0,1,5,2,445,right
000,952,2,2,1,3,2,328,right
000,953,1,1,1,1,1,363,left
000,954,2,1,1,4,2,403,right
000,955,1,1,1,5,2,383,right
000,956,1,2,1,1,1,474,left
000,957,1,2,2,3,1,612,left
000,958,2,2,2,3,1,434,left
000,959,2,2,1,2,1,477,left
000,960,2,1,1,3,1,480,left
000,961,2,2,2,1,2,562,right
000,962,2,1,2,1,1,295,left
000,963,2,1,2,4,2,315,right
000,964,1,2,1,4,2,979,right
000,965,0,0,1,3,1,672,left
000,966,2,2,2,2,1,591,left
000,967,0,0,2,3,1,376,left
000,968,1,2,1,3,1,563,left
000,969,0,0,1,4,1,627,left
000,970,1,1,1,4,1,470,left
000,971,2,2,1,3,1,434,left
000,972,0,0,1,1,1,416,left
000,973,1,2,2,4,2,395,right
000,974,2,1,1,4,1,524,left
000,975,2,2,1,5,2,456,right
000,976,1,1,2,2,1,527,left
000,977,1,2,2,5,2,396,right
000,978,1,1,2,1,1,396,left
000,979,2,2,2,1,1,348,left
000,980,2,2,2,4,2,437,right
000,981,1,1,1,1,1,357,left
000,982,2,1,1,1,1,448,left
000,983,2,2,2,3,1,527,left
000,984,2,2,1,4,2,357,right
000,985,2,1,1,5,2,368,right
000,986,2,2,1,3,2,412,right
000,987,2,2,1,5,2,391,right
000,988,0,0,2,2,1,334,left
000,989,2,1,2,1,1,343,left
000,990,0,0,1,2,1,393,left
000,991,2,1,1,3,1,390,left
000,992,0,0,2,1,1,411,left
000,993,1,2,1,5,2,396,right
000,994,2,2,1,5,2,337,right
000,995,1,2,1,4,1,486,left
000,996,1,2,1,5,2,394,right
000,997,1,2,2,5,2,398,right
000,998,1,2,2,2,1,375,left
000,999,0,0,2,2,1,347,left
000,1000,1,2,1,5,2,331,right
000,1001,2,1,1,2,1,342,left
000,1002,2,1,2,2,1,380,left
000,1003,1,2,1,1,1,424,left
000,1004,0,0,2,5,2,340,right
000,1005,0,0,1,1,1,462,left
000,1006,2,2,2,3,1,424,left
000,1007,2,2,2,2,1,541,left
000,1008,1,1,1,2,2,482,right
000,1009,1,1,2,4,1,390,left
000,1010,0,0,1,2,2,726,right
000,1011,2,1,2,3,2,870,right
000,1012,2,2,1,1,2,502,right
000,1013,1,1,1,3,2,404,right
000,1014,1,1,1,5,2,437,right
000,1015,1,2,2,1,1,338,left
000,1016,1,1,2,5,2,383,right
000,1017,1,1,2,1,1,380,left
000,1018,2,2,1,2,2,438,right
000,1019,1,1,2,4,1,437,left
000,1020,1,1,1,3,2,432,right
000,1021,2,2,2,2,1,508,left
000,1022,1,2,2,1,1,405,left
000,1023,1,1,2,5,2,326,right
000,1024,2,2,2,4,1,369,left
000,1025,0,0,2,1,1,302,left
000,1026,1,1,1,1,1,381,left
000,1027,1,2,1,3,1,351,left
000,1028,1,2,1,2,1,351,left
000,1029,1,1,2,3,1,432,left
000,1030,0,0,2,5,2,325,right
000,1031,2,1,1,2,1,545,left
000,1032,1,2,2,2,2,551,right
000,1033,2,1,1,1,1,462,left
000,1034,1,2,2,5,2,463,right
000,1035,0,0,1,5,1,485,left
000,1036,0,0,2,1,1,481,left
000,1037,2,1,1,5,2,335,right
000,1038,1,1,1,5,2,322,right
000,1039,0,0,1,4,2,323,right
000,1040,2,1,1,5,2,341,right
000,1041,2,1,1,4,2,434,right
000,1042,2,2,1,2,1,427,left
000,1043,2,1,2,4,2,379,right
000,1044,1,2,2,3,2,408,right
000,1045,0,0,1,4,1,341,left
000,1046,1,2,2,3,2,377,right
000,1047,1,1,2,3,2,412,right
000,1048,1,2,1,1,1,323,left
000,1049,2,2,1,1,1,396,left
000,1050,0,0,2,3,2,465,right
000,1051,2,2,1,2,1,480,left
000,1052,0,0,1,2,1,370,left
000,1053,0,0,2,4,2,428,right
000,1054,2,1,1,2,1,351,left
000,1055,2,1,2,1,1,404,left
000,1056,2,1,1,3,1,410,left
000,1057,2,2,1,1,1,369,left
000,1058,1,1,2,4,2,408,right
000,1059,2,1,1,1,1,455,left
000,1060,1,2,1,4,2,364,right
000,1061,2,2,2,1,1,380,left
000,1062,0,0,1,5,2,326,right
000,1063,2,2,2,1,1,335,left
000,1064,0,0,2,1,1,380,left
000,1065,0,0,2,3,2,432,right
000,1066,2,2,2,4,2,419,right
000,1067,1,2,1,2,1,358,left
000,1068,2,1,1,4,2,375,right
000,1069,1,1,2,2,1,354,left
000,1070,2,1,2,4,1,545,left
000,1071,0,0,2,4,2,382,right
000,1072,0,0,1,1,1,394,left
000,1073,2,2,1,3,1,400,left
000,1074,0,0,2,3,2,376,right
000,1075,0,0,1,5,2,353,right
000,1076,2,1,2,4,1,392,left
000,1077,2,2,2,4,1,382,left
000,1078,1,1,1,5,2,393,right
000,1079,0,0,1,4,2,407,right
000,1080,2,2,1,2,2,392,right
000,1081,0,0,1,4,2,398,right
000,1082,1,2,2,1,1,452,left
000,1083,2,2,1,4,1,377,left
000,1084,2,1,2,5,2,355,right
000,1085,1,1,2,4,2,378,right
000,1086,2,1,1,2,1,375,left
000,1087,0,0,2,5,2,353,right
000,1088,0,0,1,2,1,482,left
000,1089,0,0,1,2,2,389,right
000,1090,2,2,2,3,2,540,right
000,1091,2,1,1,5,2,591,right
000,1092,1,1,1,4,1,434,left
000,1093,2,2,2,4,2,431,right
000,1094,2,1,2,2,1,353,left
000,1095,0,0,1,4,1,600,left
000,1096,1,2,1,4,1,518,left
000,1097,2,1,1,5,2,455,right
000,1098,2,1,2,3,1,399,left
000,1099,0,0,1,3,1,421,left
000,1100,0,0,1,5,2,407,right
000,1101,1,1,2,3,1,486,left
000,1102,2,2,1,3,1,441,left
000,1103,2,1,1,1,1,341,left
000,1104,2,2,1,5,2,396,right
000,1105,2,1,2,3,1,418,left
000,1106,2,2,1,5,2,484,right
000,1107,2,2,2,2,1,577,left
000,1108,1,2,1,5,2,466,right
000,1109,1,1,1,2,1,395,left
000,1110,2,1,2,2,2,561,right
000,1111,1,2,1,5,2,472,right
000,1112,1,2,1,2,2,515,right
000,1113,1,1,2,5,2,435,right
000,1114,1,2,2,3,1,399,left
000,1115,1,2,2,1,1,334,left
000,1116,1,2,2,4,2,467,right
000,1117,2,1,2,5,2,396,right
000,1118,1,2,2,5,2,373,right
000,1119,1,1,2,3,1,304,left
000,1120,2,2,2,2,1,336,left
000,1121,0,0,2,3,2,374,right
000,1122,2,1,2,4,1,329,left
000,1123,2,2,1,5,2,934,right
000,1124,2,2,1,4,2,893,right
000,1125,1,2,2,4,1,406,left
000,1126,2,1,2,5,2,400,right
000,1127,1,2,1,1,1,294,left
000,1128,1,1,2,5,2,325,right
000,1129,1,1,1,3,1,400,left
000,1130,0,0,2,1,1,407,left
000,1131,1,1,2,1,1,342,left
000,1132,1,1,2,2,1,462,left
000,1133,0,0,2,1,1,351,left
000,1134,1,1,1,4,2,319,right
000,1135,0,0,1,3,2,385,right
000,1136,1,1,1,4,2,462,right
000,1137,2,2,2,1,1,582,left
000,1138,1,2,1,3,1,392,left
000,1139,0,0,2,2,2,334,right
000,1140,0,0,2,2,2,405,right
000,1141,1,1,1,1,2,381,right
000,1142,1,1,1,1,2,425,right
000,1143,1,2,2,2,2,574,right
000,1144,2,1,2,1,1,680,left
000,1145,1,1,1,2,2,580,right
000,1146,1,2,2,2,1,463,left
000,1147,2,1,1,3,1,719,left
000,1148,2,2,1,2,1,486,left
000,1149,1,1,2,3,2,491,right
000,1150,1,2,1,3,2,769,right
000,1151,1,1,1,5,2,426,right
000,1152,1,2,1,3,2,478,right
000,1153,2,1,1,1,1,393,left
000,1154,2,2,1,4,2,383,right
000,1155,2,2,2,5,2,483,right
000,1156,1,2,2,2,1,391,left
000,1157,1,1,2,4,2,518,right
000,1158,2,2,2,2,1,463,left
000,1159,1,2,2,5,2,488,right
000,1160,2,2,2,5,1,421,left
000,1161,1,1,2,1,1,504,left
000,1162,0,0,2,2,1,552,left
000,1163,1,2,2,1,1,784,left
000,1164,1,2,1,4,2,696,right
000,1165,2,2,1,1,1,387,left
000,1166,2,2,1,1,1,704,left
000,1167,2,2,2,3,2,485,right
000,1168,2,2,1,3,1,416,left
000,1169,1,2,1,1,1,417,left
000,1170,2,1,1,4,1,385,left
000,1171,1,2,2,3,2,453,right
000,1172,1,1,2,1,1,513,left
000,1173,1,2,2,3,2,425,right
000,1174,1,1,1,1,1,450,left
000,1175,2,2,2,3,2,417,right
000,1176,0,0,1,3,1,458,left
000,1177,2,1,2,1,1,816,left
000,1178,0,0,2,5,2,541,right
000,1179,1,2,1,5,2,375,right
000,1180,2,1,1,2,1,311,left
000,1181,1,1,2,5,2,374,right
000,1182,1,1,1,5,2,423,right
000,1183,1,1,1,2,1,361,left
000,1184,1,1,1,3,1,338,left
000,1185,1,1,1,3,1,341,left
000,1186,1,2,1,1,1,355,left
000,1187,2,1,2,3,1,395,left
000,1188,1,1,2,2,1,433,left
000,1189,2,1,2,2,1,348,left
000,1190,2,1,1,4,1,384,left
000,1191,1,2,2,4,1,420,left
000,1192,0,0,1,1,1,444,left
000,1193,2,2,2,5,2,354,right
000,1194,0,0,1,1,1,328,left
000,1195,0,0,2,5,2,996,right
000,1196,2,1,1,5,1,565,left
000,1197,0,0,2,4,2,395,right
000,1198,1,2,2,5,2,473,right
000,1199,2,1,1,3,1,403,left
000,1200,1,2,1,2,1,419,left
000,1201,1,2,1,1,1,378,left
000,1202,0,0,1,4,2,357,right
000,1203,2,2,2,3,1,363,left
000,1204,1,1,1,2,1,340,left
000,1205,1,2,2,5,2,377,right
000,1206,2,1,2,5,2,340,right
000,1207,1,2,2,4,1,368,left
000,1208,2,1,2,1,1,322,left
000,1209,2,2,1,2,1,475,left
000,1210,2,2,1,3,1,397,left
000,1211,1,2,1,2,2,515,right
000,1212,2,1,2,4,2,531,right
000,1213,2,2,2,1,1,293,left
000,1214,1,2,1,1,1,388,left
000,1215,2,1,1,2,1,352,left
000,1216,0,0,2,5,2,360,right
000,1217,2,1,2,2,1,375,left
000,1218,2,1,1,2,1,457,left
000,1219,2,1,1,4,1,369,left
000,1220,0,0,2,2,1,403,left
000,1221,1,1,2,2,1,345,left
000,1222,0,0,1,1,1,333,left
000,1223,1,1,1,1,1,375,left
000,1224,1,1,1,3,1,403,left
000,1225,2,2,2,5,2,435,right
000,1226,2,1,1,3,1,458,left
000,1227,1,1,1,5,2,381,right
000,1228,2,2,2,4,1,444,left
000,1229,1,1,2,4,2,395,right
000,1230,0,0,2,1,1,421,left
000,1231,1,1,2,5,2,296,right
000,1232,2,2,1,1,1,434,left
000,1233,0,0,2,4,2,377,right
000,1234,0,0,2,3,1,432,left
000,1235,1,2,1,2,1,535,left
000,1236,2,2,2,1,1,436,left
000,1237,2,2,1,1,1,436,left
000,1238,0,0,1,4,2,475,right
000,1239,1,2,2,2,1,486,left
000,1240,2,1,1,1,1,363,left
000,1241,1,2,2,4,2,469,right
000,1242,2,1,1,4,1,777,left
000,1243,2,2,2,5,2,411,right
000,1244,1,2,1,4,2,546,right
000,1245,2,2,1,4,1,432,left
000,1246,1,1,1,3,1,757,left
000,1247,1,2,2,3,2,339,right
000,1248,2,2,1,2,1,401,left
000,1249,1,1,2,4,2,375,right
000,1250,1,2,1,5,2,432,right
000,1251,1,1,1,1,1,338,left
000,1252,2,2,2,3,2,600,right
000,1253,1,1,2,1,2,766,right
000,1254,2,2,2,2,1,436,left
000,1255,2,2,2,5,2,418,right
000,1256,1,2,2,5,1,346,left
000,1257,1,1,1,3,1,474,left
000,1258,2,2,1,3,1,458,left
000,1259,1,2,1,4,1,594,left
000,1260,2,1,2,3,1,568,left
000,1261,2,1,2,3,1,463,left
000,1262,1,1,1,4,2,438,right
000,1263,2,1,1,1,1,395,left
000,1264,2,2,1,3,2,458,right
000,1265,1,1,2,3,1,560,left
000,1266,1,1,1,1,1,416,left
000,1267,2,1,2,1,1,472,left
000,1268,2,2,1,4,2,506,right
000,1269,2,2,2,4,1,473,left
000,1270,1,2,1,2,1,530,left
000,1271,1,2,1,4,1,452,left
000,1272,2,2,2,1,1,378,left
000,1273,0,0,1,5,2,422,right
000,1274,0,0,2,1,1,495,left
000,1275,2,1,1,5,2,380,right
000,1276,2,1,2,5,2,405,right
000,1277,2,1,2,4,2,397,right
000,1278,1,1,2,5,2,356,right
000,1279,2,2,2,2,1,444,left
000,1280,1,1,1,4,2,592,right
000,1281,1,1,1,4,2,932,right
000,1282,1,2,1,3,1,451,left
000,1283,1,1,1,5,2,528,right
000,1284,0,0,2,2,1,532,left
000,1285,1,2,1,5,2,422,right
000,1286,1,1,2,3,1,455,left
000,1287,2,1,2,3,1,461,left
000,1288,0,0,2,5,2,423,right
000,1289,0,0,2,3,1,411,left
000,1290,2,1,1,3,2,612,right
000,1291,2,2,1,5,2,522,right
000,1292,1,2,2,2,1,546,left
000,1293,1,2,2,3,1,615,left
000,1294,0,0,2,4,2,616,right
000,1295,0,0,1,2,1,487,left
000,1296,1,1,2,1,1,484,left
000,1297,2,2,1,5,2,390,right
000,1298,2,2,2,4,1,402,left
000,1299,2,1,1,5,2,418,right
000,1300,0,0,1,3,1,388,left
000,1301,2,1,1,1,1,408,left
000,1302,1,1,2,2,2,865,right
000,1303,1,1,2,1,1,438,left
000,1304,2,1,1,2,1,545,left
000,1305,0,0,1,2,1,390,left
000,1306,1,2,2,1,1,476,left
000,1307,1,1,2,3,2,456,right
000,1308,2,1,1,4,1,505,left
000,1309,0,0,1,2,1,495,left
000,1310,0,0,2,1,1,524,left
000,1311,1,2,1,5,2,373,right
000,1312,1,2,2,1,1,416,left
000,1313,0,0,2,2,1,450,left
000,1314,0,0,1,4,2,415,right
000,1315,1,2,2,2,1,487,left
000,1316,0,0,1,3,2,922,right
000,1317,2,1,1,3,1,360,left
000,1318,2,1,2,5,2,433,right
000,1319,1,1,2,4,2,452,right
000,1320,1,1,2,2,1,372,left
000,1321,1,2,1,3,1,439,left
000,1322,0,0,1,3,2,383,right
000,1323,1,1,1,5,2,408,right
000,1324,1,2,1,3,1,507,left
000,1325,1,2,2,3,1,373,left
000,1326,1,2,2,1,1,371,left
000,1327,0,0,1,1,1,441,left
000,1328,1,2,2,5,2,328,right
000,1329,0,0,1,1,1,408,left
000,1330,2,2,1,1,1,419,left
000,1331,2,2,1,2,1,521,left
000,1332,0,0,2,5,2,364,right
000,1333,1,1,2,5,2,391,right
000,1334,1,2,1,1,1,409,left
000,1335,0,0,1,5,2,325,right
000,1336,0,0,2,4,2,509,right
000,1337,1,1,1,2,1,418,left
000,1338,2,1,2,2,1,366,left
000,1339,2,1,2,4,2,323,right
000,1340,2,2,2,3,2,426,right
000,1341,1,2,2,4,1,304,left
000,1342,0,0,2,3,1,492,left
000,1343,2,1,1,5,2,405,right
000,1344,2,2,1,5,1,488,left
000,1345,2,2,1,4,2,561,right
000,1346,2,2,2,2,1,411,left
000,1347,2,1,2,2,2,366,right
000,1348,2,1,2,1,1,341,left
000,1349,1,1,1,2,1,445,left
000,1350,0,0,1,5,2,383,right
000,1351,1,1,1,2,1,596,left
000,1352,2,2,2,5,2,397,right
000,1353,2,2,1,2,1,384,left
000,1354,0,0,1,4,2,418,right
000,1355,1,2,2,2,1,344,left
000,1356,2,1,2,2,1,441,left
000,1357,2,1,1,5,2,288,right
000,1358,2,2,2,1,1,347,left
000,1359,2,2,1,2,1,387,left
000,1360,2,2,2,2,1,373,left
000,1361,2,2,1,1,1,371,left
000,1362,1,2,2,2,1,407,left
000,1363,1,1,2,2,1,404,left
000,1364,0,0,1,5,2,351,right
000,1365,0,0,2,5,2,395,right
000,1366,1,2,2,1,1,427,left
000,1367,1,1,2,2,2,386,right
000,1368,1,2,1,1,1,331,left
000,1369,2,1,2,4,2,444,right
000,1370,2,1,1,5,2,439,right
000,1371,1,1,2,3,1,361,left
000,1372,1,1,1,1,1,444,left
000,1373,2,1,1,2,1,419,left
000,1374,0,0,1,3,1,360,left
000,1375,2,2,1,3,1,396,left
000,1376,0,0,2,5,2,300,right
000,1377,1,2,1,4,2,457,right
000,1378,2,2,1,2,2,493,right
000,1379,1,1,2,3,1,375,left
000,1380,2,2,2,4,1,419,left
000,1381,0,0,2,4,2,441,right
000,1382,1,1,2,5,2,435,right
000,1383,1,2,2,4,1,497,left
000,1384,1,1,2,1,1,457,left
000,1385,1,1,1,5,2,437,right
000,1386,0,0,2,1,1,476,left
000,1387,1,1,1,2,2,1053,right
000,1388,1,2,1,2,2,674,right
000,1389,2,2,1,1,1,536,left
000,1390,0,0,2,5,2,471,right
000,1391,2,1,1,1,1,444,left
000,1392,2,2,2,4,2,364,right
000,1393,1,1,2,4,1,395,left
000,1394,2,1,2,5,2,404,right
000,1395,1,2,1,1,1,446,left
000,1396,1,2,1,4,2,398,right
000,1397,2,2,2,5,2,392,right
000,1398,2,1,1,2,1,403,left
000,1399,2,2,2,3,1,469,left
000,1400,1,1,2,5,2,352,right
000,1401,2,1,1,5,2,548,right
000,1402,2,2,1,1,1,382,left
000,1403,2,1,1,3,1,486,left
000,1404,1,2,2,4,2,348,right
000,1405,0,0,1,3,1,705,left
000,1406,0,0,1,2,1,1211,left
000,1407,0,0,2,4,2,503,right
000,1408,1,1,2,1,1,408,left
000,1409,1,1,1,4,2,397,right
000,1410,0,0,1,3,1,504,left
000,1411,0,0,2,2,1,435,left
000,1412,1,2,1,4,2,393,right
000,1413,2,2,1,4,1,459,left
000,1414,2,1,2,5,2,440,right
000,1415,0,0,2,2,1,511,left
000,1416,1,1,1,1,1,554,left
000,1417,1,2,1,2,2,405,right
000,1418,1,1,1,1,1,425,left
000,1419,2,2,2,2,1,1169,left
000,1420,2,2,1,5,2,354,right
000,1421,2,2,2,1,1,382,left
000,1422,2,2,2,1,1,437,left
000,1423,2,1,2,3,1,519,left
000,1424,1,1,2,5,2,364,right
000,1425,1,2,2,3,2,441,right
000,1426,1,2,1,3,1,551,left
000,1427,2,1,1,4,2,1000,right
000,1428,0,0,2,3,1,475,left
000,1429,1,1,2,4,2,352,right
000,1430,0,0,2,2,1,411,left
000,1431,0,0,1,5,2,389,right
000,1432,0,0,1,1,1,411,left
000,1433,2,1,1,4,1,732,left
000,1434,1,1,1,5,2,359,right
000,1435,2,2,2,3,1,450,left
000,1436,1,2,2,5,2,460,right
000,1437,0,0,2,3,1,517,left
000,1438,1,2,1,5,2,398,right
000,1439,2,1,2,1,1,398,left
000,1440,1,1,1,3,1,479,left
000,1441,0,0,2,1,1,611,left
000,1442,2,2,1,3,1,414,left
000,1443,1,2,2,3,1,480,left
000,1444,2,1,2,5,1,438,left
000,1445,2,1,2,3,1,396,left
000,1446,1,2,2,5,2,363,right
000,1447,0,0,1,2,1,415,left
000,1448,1,2,2,5,2,419,right
000,1449,1,2,2,1,1,310,left
000,1450,1,2,2,1,1,368,left
000,1451,2,1,1,3,1,398,left
000,1452,1,1,2,2,1,358,left
000,1453,1,2,1,2,1,481,left
000,1454,2,2,2,4,2,421,right
000,1455,1,2,1,5,1,338,left
000,1456,1,1,2,4,2,499,right
000,1457,1,1,1,4,1,861,left
000,1458,2,1,2,2,1,564,left
000,1459,2,1,2,4,2,684,right
000,1460,0,0,2,4,1,424,left
000,1461,1,2,1,3,1,509,left
000,1462,2,2,1,4,1,488,left
000,1463,1,1,1,5,2,366,right
000,1464,2,2,2,2,1,498,left
000,1465,2,1,2,1,2,431,right
000,1466,2,2,2,3,2,486,right
000,1467,1,1,1,3,1,468,left
000,1468,2,1,1,2,1,342,left
000,1469,0,0,2,3,1,428,left
000,1470,2,1,1,3,1,394,left
000,1471,0,0,2,1,1,400,left
000,1472,1,1,2,3,1,438,left
000,1473,2,2,1,4,1,518,left
000,1474,2,1,2,1,1,472,left
000,1475,1,2,1,5,1,454,left
000,1476,2,1,2,3,1,805,left
000,1477,1,2,2,2,1,476,left
000,1478,0,0,1,4,1,631,left
000,1479,0,0,1,4,2,378,right
000,1480,1,2,1,1,1,440,left
000,1481,1,2,1,3,1,822,left
000,1482,2,2,2,5,2,623,right
000,1483,1,1,1,2,1,425,left
000,1484,1,1,1,4,1,460,left
000,1485,0,0,1,1,1,653,left
000,1486,1,1,2,1,1,515,left
000,1487,2,2,1,5,2,550,right
000,1488,1,2,2,4,2,701,right
000,1489,2,1,2,4,2,498,right
000,1490,1,2,2,3,1,528,left
000,1491,0,0,1,2,2,477,right
000,1492,2,2,1,5,2,443,right
000,1493,2,1,2,2,1,412,left
000,1494,1,1,1,3,1,513,left
000,1495,0,0,1,5,2,435,right
000,1496,2,2,1,3,1,427,left
000,1497,2,1,1,1,1,451,left
000,1498,2,1,1,4,1,732,left
000,1499,0,0,1,1,1,458,left
000,1500,2,1,1,1,1,414,left
